                  epoch,         train/box_loss,         train/cls_loss,         train/dfl_loss,   metrics/precision(B),      metrics/recall(B),       metrics/mAP50(B),    metrics/mAP50-95(B),           val/box_loss,           val/cls_loss,           val/dfl_loss,                 lr/pg0,                 lr/pg1,                 lr/pg2
                      0,                0.80297,                  2.159,                 1.0538,                0.91947,                 0.6574,                0.88717,                0.70729,                0.71104,                 1.7075,                0.91999,                 0.0712,                 0.0032,                 0.0032
                      1,                0.78253,                0.90516,                0.96631,                 0.9489,                0.77007,                0.93287,                0.74321,                0.77293,                 1.5748,                0.91624,               0.041474,              0.0064743,              0.0064743
                      2,                0.84805,                0.82738,                0.98055,                0.89042,                0.89608,                0.95535,                0.75865,                0.78979,                 1.0579,                0.92665,               0.011722,              0.0097224,              0.0097224
                      3,                0.85454,                0.80571,                0.98341,                0.88905,                0.91387,                0.95568,                   0.76,                 0.7609,                0.81434,                0.93582,              0.0098812,              0.0098812,              0.0098812
                      4,                  0.805,                0.78068,                0.97523,                0.89859,                0.92366,                0.96599,                0.79765,                0.68803,                0.72507,                0.90748,              0.0098812,              0.0098812,              0.0098812
                      5,                0.78261,                0.73927,                0.97422,                0.89823,                0.92978,                0.96552,                0.78718,                0.69875,                0.65227,                0.90554,              0.0098416,              0.0098416,              0.0098416
                      6,                0.77894,                0.71496,                0.97115,                0.91394,                0.91659,                0.96658,                0.77965,                0.69774,                0.69206,                0.92178,               0.009802,               0.009802,               0.009802
                      7,                0.75608,                0.68222,                0.95985,                0.91873,                0.93544,                0.97353,                0.81685,                0.63311,                0.61115,                0.90654,              0.0097624,              0.0097624,              0.0097624
                      8,                0.73746,                0.66427,                0.95651,                0.91471,                0.93544,                0.97061,                0.79484,                0.69777,                0.61003,                0.91684,              0.0097228,              0.0097228,              0.0097228
                      9,                0.72614,                0.63488,                0.94931,                0.92424,                0.92563,                0.97166,                0.82027,                0.62443,                0.57949,                0.89412,              0.0096832,              0.0096832,              0.0096832
                     10,                0.71788,                0.61905,                0.94631,                0.92369,                 0.9298,                0.97677,                0.83256,                0.59742,                  0.554,                0.88574,              0.0096436,              0.0096436,              0.0096436
                     11,                0.71143,                0.60049,                0.94497,                0.92429,                0.92624,                0.96709,                0.80196,                0.62166,                0.57156,                0.90433,               0.009604,               0.009604,               0.009604
                     12,                0.69618,                0.58944,                 0.9411,                0.93228,                0.94063,                0.97646,                0.83573,                0.57375,                0.50971,                0.89232,              0.0095644,              0.0095644,              0.0095644
                     13,                0.69851,                0.57237,                 0.9419,                0.94276,                0.92365,                 0.9785,                0.83532,                0.60559,                0.51141,                0.89465,              0.0095248,              0.0095248,              0.0095248
                     14,                0.68548,                0.55057,                0.94055,                0.92712,                0.93638,                0.97694,                0.83213,                0.60266,                0.51048,                0.89142,              0.0094852,              0.0094852,              0.0094852
                     15,                0.67735,                  0.556,                0.93713,                0.93066,                0.94881,                0.98097,                0.85271,                0.55051,                 0.4737,                0.87795,              0.0094456,              0.0094456,              0.0094456
                     16,                0.67189,                0.55391,                0.92932,                0.94645,                0.94126,                0.98357,                0.84534,                0.57969,                0.48454,                0.88529,               0.009406,               0.009406,               0.009406
                     17,                0.66598,                0.53271,                0.93711,                0.94059,                0.95523,                0.98537,                0.84787,                0.58063,                0.46818,                0.88336,              0.0093664,              0.0093664,              0.0093664
                     18,                0.66061,                0.51689,                0.93077,                0.92515,                0.94946,                0.97964,                0.83788,                0.59874,                 0.4797,                0.88819,              0.0093268,              0.0093268,              0.0093268
                     19,                0.65788,                0.53093,                0.92619,                0.93478,                0.95853,                 0.9831,                0.85289,                0.56152,                0.45585,                0.88329,              0.0092872,              0.0092872,              0.0092872
                     20,                0.66311,                0.50624,                0.93703,                0.94231,                0.94678,                 0.9848,                0.86205,                0.53282,                0.42347,                0.87837,              0.0092476,              0.0092476,              0.0092476
                     21,                0.65205,                0.51542,                0.92849,                0.94604,                0.94533,                0.98338,                0.85674,                0.54234,                0.43217,                0.88024,               0.009208,               0.009208,               0.009208
                     22,                0.64901,                0.50166,                0.92986,                0.93259,                0.95189,                0.98216,                0.84443,                0.55724,                0.44081,                0.88331,              0.0091684,              0.0091684,              0.0091684
                     23,                0.65641,                0.49214,                0.92733,                0.94108,                0.94844,                0.98339,                0.85716,                0.55366,                0.43266,                0.87458,              0.0091288,              0.0091288,              0.0091288
                     24,                0.64357,                0.49291,                0.92373,                0.94305,                0.94416,                0.98329,                0.86051,                 0.5355,                0.43388,                0.87432,              0.0090892,              0.0090892,              0.0090892
                     25,                0.62592,                 0.4889,                0.91814,                0.94763,                0.94648,                0.98392,                0.86383,                0.52632,                0.43406,                0.86864,              0.0090496,              0.0090496,              0.0090496
                     26,                0.63726,                0.49138,                0.92368,                0.94575,                0.95287,                0.98539,                0.86282,                0.53527,                0.41121,                0.87261,                0.00901,                0.00901,                0.00901
                     27,                0.63652,                0.47977,                 0.9229,                0.94379,                0.95193,                 0.9838,                0.86578,                0.50741,                0.41519,                0.87079,              0.0089704,              0.0089704,              0.0089704
                     28,                0.63855,                0.47404,                0.91805,                 0.9513,                0.95099,                 0.9864,                0.86843,                0.52862,                0.40458,                0.86813,              0.0089308,              0.0089308,              0.0089308
                     29,                0.61894,                0.46995,                0.91389,                0.95598,                0.95178,                0.98664,                0.87012,                0.50925,                0.40625,                0.86774,              0.0088912,              0.0088912,              0.0088912
                     30,                0.62129,                0.48009,                0.91838,                0.94703,                0.95207,                0.98621,                0.87107,                 0.5235,                0.40753,                0.87128,              0.0088516,              0.0088516,              0.0088516
                     31,                0.63678,                0.46366,                0.91981,                0.94533,                0.95335,                0.98568,                0.86419,                0.53343,                0.40558,                0.87203,               0.008812,               0.008812,               0.008812
                     32,                0.62303,                0.45386,                0.91487,                0.94558,                0.96631,                0.98671,                0.87219,                0.50925,                0.39529,                0.86717,              0.0087724,              0.0087724,              0.0087724
                     33,                0.61468,                0.45662,                0.91919,                0.94365,                0.95712,                0.98452,                0.86111,                 0.5184,                0.39847,                0.87027,              0.0087328,              0.0087328,              0.0087328
                     34,                0.60688,                0.46544,                 0.9131,                0.94792,                  0.952,                 0.9856,                0.86085,                0.50937,                0.40297,                0.86822,              0.0086932,              0.0086932,              0.0086932
                     35,                0.61621,                0.44925,                0.91501,                0.93728,                0.95783,                 0.9846,                0.86552,                0.53284,                0.39991,                0.87229,              0.0086536,              0.0086536,              0.0086536
                     36,                 0.6083,                0.45133,                0.91475,                0.94512,                0.96577,                0.98764,                 0.8791,                0.50419,                0.38682,                0.86343,               0.008614,               0.008614,               0.008614
                     37,                0.60253,                0.43936,                0.91164,                 0.9573,                 0.9614,                0.98758,                0.87768,                0.50226,                0.38905,                0.86244,              0.0085744,              0.0085744,              0.0085744
                     38,                0.60141,                0.43734,                0.91395,                0.95737,                0.95255,                0.98822,                0.88309,                0.49833,                0.36573,                0.86404,              0.0085348,              0.0085348,              0.0085348
                     39,                0.59869,                0.43364,                0.91321,                0.95846,                0.95429,                0.98835,                0.87516,                0.50733,                0.37418,                0.86299,              0.0084952,              0.0084952,              0.0084952
                     40,                0.60394,                0.43426,                0.91519,                0.95843,                0.94525,                0.98695,                0.87562,                0.50677,                0.38271,                0.86548,              0.0084556,              0.0084556,              0.0084556
                     41,                0.59592,                0.44008,                0.91317,                0.95897,                  0.959,                0.98816,                0.88483,                0.49216,                0.36113,                0.85886,               0.008416,               0.008416,               0.008416
                     42,                0.58877,                0.43109,                0.90557,                0.96198,                0.95005,                0.98844,                0.88208,                0.48384,                0.36961,                0.85599,              0.0083764,              0.0083764,              0.0083764
                     43,                0.59271,                 0.4435,                0.90864,                0.96477,                 0.9491,                0.98759,                0.87972,                0.49192,                0.37141,                0.85773,              0.0083368,              0.0083368,              0.0083368
                     44,                 0.5889,                0.43273,                0.90958,                0.95196,                0.96178,                0.98499,                0.88222,                0.47039,                0.37875,                0.85845,              0.0082972,              0.0082972,              0.0082972
                     45,                0.60178,                0.42146,                0.90964,                 0.9555,                0.96121,                0.98835,                0.88648,                0.48061,                 0.3628,                 0.8544,              0.0082576,              0.0082576,              0.0082576
                     46,                0.58845,                0.42246,                0.90476,                0.95078,                0.96937,                0.98849,                0.88132,                0.49848,                0.35864,                0.85662,               0.008218,               0.008218,               0.008218
                     47,                0.59314,                 0.4171,                0.90912,                0.94663,                0.95298,                0.98477,                  0.884,                0.47338,                0.36959,                0.85138,              0.0081784,              0.0081784,              0.0081784
                     48,                0.58474,                0.42021,                 0.9051,                0.95146,                0.96982,                0.98897,                 0.8853,                0.49369,                0.35533,                0.85438,              0.0081388,              0.0081388,              0.0081388
                     49,                0.59269,                0.41289,                0.90909,                0.96497,                0.94767,                0.98844,                0.88557,                0.48775,                0.34895,                0.85826,              0.0080992,              0.0080992,              0.0080992
                     50,                0.58195,                0.41616,                0.90195,                0.96935,                0.95994,                0.99033,                0.89467,                0.46793,                0.34483,                0.84987,              0.0080596,              0.0080596,              0.0080596
                     51,                0.58781,                0.41643,                0.89776,                0.96243,                 0.9623,                0.98972,                0.87014,                0.54012,                0.35427,                0.87537,                0.00802,                0.00802,                0.00802
                     52,                0.58424,                0.40238,                0.90119,                0.95977,                0.96795,                0.98983,                0.89566,                0.46634,                 0.3376,                0.84816,              0.0079804,              0.0079804,              0.0079804
                     53,                0.57176,                0.40002,                0.89982,                0.96524,                0.96466,                0.99028,                0.90077,                 0.4517,                0.33078,                0.84399,              0.0079408,              0.0079408,              0.0079408
                     54,                0.58227,                0.40736,                0.90314,                0.96637,                0.97489,                0.99108,                0.89555,                0.46914,                0.32663,                0.84833,              0.0079012,              0.0079012,              0.0079012
                     55,                0.56986,                0.40894,                0.89738,                0.95707,                 0.9722,                 0.9891,                0.88804,                0.46862,                0.33597,                0.85239,              0.0078616,              0.0078616,              0.0078616
                     56,                0.56871,                0.39567,                0.89666,                0.96052,                0.97447,                0.99078,                0.89932,                0.44926,                0.32182,                0.84943,               0.007822,               0.007822,               0.007822
                     57,                0.56456,                 0.4053,                0.89567,                0.96869,                0.96225,                0.99051,                0.89523,                0.45849,                 0.3419,                0.84435,              0.0077824,              0.0077824,              0.0077824
                     58,                0.56639,                0.39658,                0.89615,                0.96795,                 0.9689,                0.99052,                0.89953,                0.45344,                0.31779,                0.84735,              0.0077428,              0.0077428,              0.0077428
                     59,                0.57245,                0.39663,                0.90169,                0.95483,                0.97455,                0.99016,                0.89224,                0.47614,                 0.3391,                0.85363,              0.0077032,              0.0077032,              0.0077032
                     60,                0.57791,                0.39429,                0.89756,                0.95751,                0.97926,                0.99055,                0.89782,                0.45974,                0.32651,                0.84757,              0.0076636,              0.0076636,              0.0076636
                     61,                0.55652,                0.38794,                0.89948,                0.96816,                0.95997,                0.98966,                0.89885,                0.45611,                0.34487,                0.84684,               0.007624,               0.007624,               0.007624
                     62,                0.55927,                0.38827,                0.89394,                0.96509,                0.97712,                0.99052,                 0.8989,                0.46799,                 0.3174,                0.84985,              0.0075844,              0.0075844,              0.0075844
                     63,                0.55519,                0.38473,                0.89403,                0.96159,                0.96701,                 0.9905,                0.90142,                0.45757,                0.32252,                0.84431,              0.0075448,              0.0075448,              0.0075448
                     64,                0.55296,                0.38311,                0.89647,                0.96949,                0.96466,                  0.991,                0.89421,                0.46498,                0.32704,                0.84931,              0.0075052,              0.0075052,              0.0075052
                     65,                0.56128,                0.38418,                0.90233,                0.97146,                0.96239,                 0.9907,                0.89698,                0.45923,                0.31949,                0.84813,              0.0074656,              0.0074656,              0.0074656
                     66,                0.56752,                0.39177,                0.89461,                0.96588,                0.97385,                0.99089,                0.89744,                0.45663,                0.32874,                0.84368,               0.007426,               0.007426,               0.007426
                     67,                0.54872,                0.38661,                0.89497,                0.97366,                0.97569,                0.99169,                0.90052,                0.46015,                0.32224,                0.84481,              0.0073864,              0.0073864,              0.0073864
                     68,                0.55942,                0.38969,                0.89564,                0.97177,                0.97455,                0.99174,                0.90225,                0.45535,                0.31308,                 0.8503,              0.0073468,              0.0073468,              0.0073468
                     69,                0.55071,                0.38001,                0.89344,                0.97692,                0.97726,                0.99216,                0.90922,                0.43635,                0.30092,                0.83953,              0.0073072,              0.0073072,              0.0073072
                     70,                0.55502,                0.38399,                0.88905,                0.97248,                0.96577,                0.99067,                0.89902,                0.45512,                0.31418,                0.84323,              0.0072676,              0.0072676,              0.0072676
                     71,                0.55098,                 0.3753,                0.89183,                0.97077,                0.97026,                0.99116,                0.90047,                 0.4468,                0.31623,                0.84172,               0.007228,               0.007228,               0.007228
                     72,                 0.5541,                0.37405,                0.89143,                0.97164,                0.96371,                0.99075,                 0.9025,                0.44537,                0.32107,                0.84143,              0.0071884,              0.0071884,              0.0071884
                     73,                0.54587,                0.38116,                0.89219,                0.97599,                0.96937,                0.99183,                0.90372,                 0.4418,                0.31047,                0.84319,              0.0071488,              0.0071488,              0.0071488
                     74,                0.54751,                0.37638,                0.88967,                0.97375,                0.97891,                0.99195,                 0.9079,                0.42739,                0.29789,                0.83701,              0.0071092,              0.0071092,              0.0071092
                     75,                0.56102,                0.37867,                0.89503,                0.96745,                0.98061,                0.99152,                0.90703,                0.43847,                0.30455,                0.83985,              0.0070696,              0.0070696,              0.0070696
                     76,                0.54502,                0.37528,                0.89334,                0.96668,                0.98429,                0.99182,                0.90994,                0.43436,                0.30258,                0.83621,                0.00703,                0.00703,                0.00703
                     77,                 0.5485,                0.36709,                0.89196,                0.96539,                0.98209,                0.99234,                0.91242,                0.41818,                0.29211,                0.83236,              0.0069904,              0.0069904,              0.0069904
                     78,                0.54036,                0.37273,                0.89013,                0.98465,                0.96748,                0.99246,                0.91308,                0.43045,                0.30463,                0.83502,              0.0069508,              0.0069508,              0.0069508
                     79,                0.54261,                0.36557,                0.89076,                0.97135,                0.97785,                0.99159,                0.90566,                 0.4393,                0.29954,                0.84028,              0.0069112,              0.0069112,              0.0069112
                     80,                0.53153,                0.36739,                0.88554,                0.97754,                0.98398,                0.99253,                0.91121,                0.42167,                0.30128,                0.83656,              0.0068716,              0.0068716,              0.0068716
                     81,                0.54588,                0.37808,                0.88974,                0.97779,                0.98398,                0.99291,                0.91251,                0.42295,                0.29708,                0.83359,               0.006832,               0.006832,               0.006832
                     82,                 0.5309,                0.36329,                0.88168,                0.97295,                0.98115,                0.99232,                0.91306,                0.41933,                0.28909,                0.83445,              0.0067924,              0.0067924,              0.0067924
                     83,                0.53916,                0.36298,                0.88612,                0.96421,                0.97756,                0.99059,                0.90723,                0.42957,                0.30892,                0.84168,              0.0067528,              0.0067528,              0.0067528
                     84,                0.53588,                0.37186,                0.88678,                0.97874,                0.97626,                0.99228,                0.91326,                0.42086,                0.29561,                0.83378,              0.0067132,              0.0067132,              0.0067132
                     85,                0.53202,                0.35722,                0.88055,                 0.9806,                0.97832,                0.99261,                0.91184,                0.42926,                0.28991,                0.83603,              0.0066736,              0.0066736,              0.0066736
                     86,                0.53321,                0.35066,                0.88355,                0.98052,                0.98303,                0.99296,                0.91513,                0.41792,                0.27794,                0.83112,               0.006634,               0.006634,               0.006634
                     87,                0.53141,                0.35507,                0.88209,                 0.9798,                0.97455,                0.99229,                0.91144,                0.43232,                  0.284,                0.83239,              0.0065944,              0.0065944,              0.0065944
                     88,                0.52576,                0.35057,                 0.8878,                0.98334,                0.97382,                0.99253,                0.91061,                 0.4334,                 0.2838,                0.83416,              0.0065548,              0.0065548,              0.0065548
                     89,                0.53253,                0.35609,                0.88401,                0.98527,                0.97707,                0.99258,                0.91518,                0.41834,                0.28129,                0.83248,              0.0065152,              0.0065152,              0.0065152
                     90,                0.52959,                0.35931,                0.88806,                0.98246,                0.98209,                0.99314,                0.91749,                 0.4163,                 0.2812,                0.82964,              0.0064756,              0.0064756,              0.0064756
                     91,                 0.5259,                0.35241,                0.88311,                0.98388,                0.97819,                0.99281,                 0.9154,                0.41777,                0.28544,                0.82879,               0.006436,               0.006436,               0.006436
                     92,                0.52972,                0.35372,                0.88135,                0.98619,                0.97628,                0.99304,                0.91925,                0.41325,                0.28103,                0.83238,              0.0063964,              0.0063964,              0.0063964
                     93,                0.52772,                 0.3517,                0.88298,                0.98482,                0.97837,                0.99333,                0.92027,                0.41125,                0.27164,                0.82956,              0.0063568,              0.0063568,              0.0063568
                     94,                0.51596,                0.34395,                0.87707,                0.98461,                0.98162,                0.99299,                0.91662,                0.41966,                0.27598,                0.82888,              0.0063172,              0.0063172,              0.0063172
                     95,                0.52663,                0.35194,                0.88352,                0.97832,                0.97834,                0.99268,                0.91791,                0.41145,                0.27614,                0.82892,              0.0062776,              0.0062776,              0.0062776
                     96,                0.51084,                0.33987,                0.88569,                0.98992,                0.97738,                 0.9933,                0.92053,                0.41214,                0.27052,                0.83183,               0.006238,               0.006238,               0.006238
                     97,                0.51599,                0.34529,                0.87979,                0.98294,                0.98586,                0.99295,                0.91966,                0.40388,                0.26819,                  0.829,              0.0061984,              0.0061984,              0.0061984
                     98,                  0.512,                0.34387,                0.87602,                0.98532,                0.98209,                0.99336,                0.92107,                0.41054,                0.27115,                0.82802,              0.0061588,              0.0061588,              0.0061588
                     99,                0.52115,                0.34825,                0.87925,                0.98534,                 0.9818,                0.99341,                0.92367,                0.39816,                0.26913,                0.82595,              0.0061192,              0.0061192,              0.0061192
                    100,                0.50998,                0.34518,                0.87915,                0.98345,                0.98027,                0.99341,                0.91881,                0.40793,                0.26895,                0.82949,              0.0060796,              0.0060796,              0.0060796
                    101,                0.51245,                0.35036,                  0.876,                0.98597,                0.97738,                 0.9931,                0.92085,                0.40545,                0.28327,                0.82553,                0.00604,                0.00604,                0.00604
                    102,                 0.5203,                0.34305,                0.88256,                0.98633,                0.98115,                0.99333,                0.92856,                0.39169,                0.26465,                0.82423,              0.0060004,              0.0060004,              0.0060004
                    103,                0.50862,                0.33991,                0.87872,                0.98573,                0.98351,                  0.993,                0.92492,                0.39924,                0.26341,                0.82532,              0.0059608,              0.0059608,              0.0059608
                    104,                 0.5168,                0.33553,                0.87698,                0.98012,                0.98586,                0.99321,                0.92574,                0.40074,                0.25915,                0.82458,              0.0059212,              0.0059212,              0.0059212
                    105,                 0.5084,                0.33668,                0.87515,                 0.9812,                0.98372,                0.99306,                 0.9207,                0.39635,                0.26899,                0.82495,              0.0058816,              0.0058816,              0.0058816
                    106,                0.51568,                0.33633,                0.87766,                0.98129,                0.98871,                0.99349,                0.92643,                0.39213,                0.25931,                0.82582,               0.005842,               0.005842,               0.005842
                    107,                0.51538,                0.33244,                0.87245,                0.98156,                0.98539,                0.99356,                0.92202,                0.40468,                0.26901,                0.82676,              0.0058024,              0.0058024,              0.0058024
                    108,                0.50912,                0.34192,                0.87254,                0.98038,                0.98922,                0.99352,                0.92652,                0.38977,                0.26581,                0.82227,              0.0057628,              0.0057628,              0.0057628
                    109,                0.51558,                0.33767,                0.87934,                0.98695,                0.98445,                0.99384,                0.92808,                0.39189,                0.25853,                0.82383,              0.0057232,              0.0057232,              0.0057232
                    110,                0.50674,                0.33066,                 0.8774,                0.98459,                0.98492,                0.99336,                0.92426,                0.39612,                0.26269,                0.82399,              0.0056836,              0.0056836,              0.0056836
                    111,                0.50466,                 0.3373,                0.87723,                0.98476,                0.98539,                0.99344,                0.92436,                0.39874,                0.26457,                0.82569,               0.005644,               0.005644,               0.005644
                    112,                0.50328,                0.33179,                0.87598,                0.98594,                0.98068,                0.99355,                0.92775,                0.38958,                0.25725,                0.82149,              0.0056044,              0.0056044,              0.0056044
                    113,                0.50663,                0.33441,                0.87953,                0.98153,                0.98728,                0.99367,                0.92855,                0.39363,                0.26234,                0.82321,              0.0055648,              0.0055648,              0.0055648
                    114,                0.50576,                0.33095,                0.87466,                0.98045,                0.98728,                0.99358,                0.92362,                0.39949,                0.25523,                0.82311,              0.0055252,              0.0055252,              0.0055252
                    115,                0.50085,                0.32132,                0.87046,                0.98583,                0.98358,                0.99364,                0.92761,                0.39229,                0.25826,                0.82362,              0.0054856,              0.0054856,              0.0054856
                    116,                0.50424,                0.32663,                0.87655,                0.98575,                0.98963,                0.99367,                0.92993,                0.39098,                0.25566,                0.82038,               0.005446,               0.005446,               0.005446
                    117,                0.50548,                 0.3322,                0.87738,                0.98617,                0.98115,                0.99362,                0.92598,                0.39725,                0.25994,                0.82225,              0.0054064,              0.0054064,              0.0054064
                    118,                0.49425,                0.32085,                0.87144,                0.98775,                0.98763,                 0.9935,                0.93178,                0.38532,                 0.2481,                 0.8203,              0.0053668,              0.0053668,              0.0053668
                    119,                0.49953,                0.32565,                0.87375,                 0.9852,                0.98869,                0.99384,                0.92994,                 0.3863,                0.24832,                0.82062,              0.0053272,              0.0053272,              0.0053272
                    120,                0.49962,                0.32492,                0.86944,                0.98679,                0.98588,                0.99349,                0.93031,                0.38908,                0.25285,                0.82057,              0.0052876,              0.0052876,              0.0052876
                    121,                0.49292,                0.32573,                0.86955,                0.98978,                 0.9868,                0.99405,                0.93173,                0.38439,                0.25075,                0.81961,               0.005248,               0.005248,               0.005248
                    122,                0.49406,                0.32414,                0.87015,                0.98496,                0.98753,                  0.994,                0.93043,                0.38393,                0.25482,                0.81824,              0.0052084,              0.0052084,              0.0052084
                    123,                0.49593,                0.32974,                 0.8694,                0.98873,                0.98822,                0.99392,                0.93448,                0.38131,                0.25237,                0.81761,              0.0051688,              0.0051688,              0.0051688
                    124,                  0.495,                0.33011,                0.86933,                0.98769,                0.98539,                0.99376,                0.93269,                0.38181,                0.25011,                0.82031,              0.0051292,              0.0051292,              0.0051292
                    125,                0.48527,                0.32035,                0.86995,                0.98806,                0.98586,                0.99363,                0.93078,                0.38745,                0.24729,                0.81981,              0.0050896,              0.0050896,              0.0050896
                    126,                0.49287,                0.32006,                0.87243,                0.98912,                0.98575,                0.99365,                 0.9325,                 0.3837,                0.24848,                0.81753,                0.00505,                0.00505,                0.00505
                    127,                0.48915,                0.32243,                0.86959,                0.98682,                0.98795,                0.99361,                0.93164,                0.38217,                0.24807,                0.81882,              0.0050104,              0.0050104,              0.0050104
                    128,                 0.4949,                0.31994,                0.87597,                0.98777,                0.98998,                0.99403,                0.93211,                0.37894,                0.24694,                0.81734,              0.0049708,              0.0049708,              0.0049708
                    129,                0.49333,                0.32001,                0.87334,                0.99242,                0.98686,                0.99403,                0.93022,                0.38266,                0.24871,                0.81737,              0.0049312,              0.0049312,              0.0049312
                    130,                0.48614,                0.31742,                 0.8688,                0.99244,                0.98925,                0.99401,                0.92989,                0.38219,                0.24437,                0.81826,              0.0048916,              0.0048916,              0.0048916
                    131,                0.48816,                0.31752,                0.87111,                0.99054,                0.98738,                0.99396,                0.93423,                0.36908,                0.24252,                0.81564,               0.004852,               0.004852,               0.004852
                    132,                0.47927,                0.31786,                0.86441,                 0.9896,                0.98618,                0.99396,                0.93376,                0.37226,                0.24498,                0.81459,              0.0048124,              0.0048124,              0.0048124
                    133,                0.48146,                0.31656,                0.86758,                0.98958,                0.98539,                0.99355,                0.93238,                0.37936,                 0.2414,                0.81651,              0.0047728,              0.0047728,              0.0047728
                    134,                0.48642,                0.31271,                0.86673,                0.99101,                0.98633,                0.99402,                0.92949,                0.38661,                0.24423,                0.81654,              0.0047332,              0.0047332,              0.0047332
                    135,                 0.4893,                0.31295,                0.86657,                 0.9853,                0.98963,                0.99406,                0.93274,                0.37325,                0.24303,                0.81458,              0.0046936,              0.0046936,              0.0046936
                    136,                0.47272,                0.31456,                0.86409,                0.99055,                0.98837,                0.99411,                0.93494,                0.37116,                0.24196,                0.81484,               0.004654,               0.004654,               0.004654
                    137,                0.48162,                0.31287,                0.86587,                0.99197,                0.98944,                0.99422,                0.93734,                0.36836,                0.23863,                0.81334,              0.0046144,              0.0046144,              0.0046144
                    138,                0.47978,                0.31251,                0.86611,                0.99104,                0.99011,                0.99414,                0.93523,                0.37382,                 0.2385,                0.81429,              0.0045748,              0.0045748,              0.0045748
                    139,                0.47605,                0.30846,                0.87115,                0.98515,                0.99199,                0.99426,                0.93511,                0.37626,                0.24365,                0.81636,              0.0045352,              0.0045352,              0.0045352
                    140,                0.47632,                0.31629,                0.86404,                0.99238,                0.98775,                0.99443,                0.93806,                0.37075,                0.23784,                0.81555,              0.0044956,              0.0044956,              0.0044956
                    141,                0.47547,                0.30861,                0.85935,                0.98591,                0.98957,                0.99418,                0.93751,                0.36803,                0.23834,                0.81312,               0.004456,               0.004456,               0.004456
                    142,                0.47953,                0.30986,                0.86193,                0.99242,                 0.9876,                0.99425,                0.93758,                0.36592,                0.23644,                0.81226,              0.0044164,              0.0044164,              0.0044164
                    143,                0.47712,                0.31096,                0.86227,                0.99304,                0.98728,                0.99439,                0.94012,                0.36422,                0.23342,                0.81171,              0.0043768,              0.0043768,              0.0043768
                    144,                0.46885,                0.30279,                0.86415,                0.99383,                0.98706,                0.99442,                0.93555,                0.36541,                0.23469,                0.81157,              0.0043372,              0.0043372,              0.0043372
                    145,                0.47162,                0.30336,                0.86467,                0.99042,                0.99199,                0.99437,                0.93941,                0.36308,                0.23152,                0.81242,              0.0042976,              0.0042976,              0.0042976
                    146,                0.47795,                0.30646,                0.87431,                0.99157,                0.99105,                0.99431,                0.93993,                0.36388,                0.23343,                0.81104,               0.004258,               0.004258,               0.004258
                    147,                0.47503,                0.30541,                0.86074,                0.99148,                0.99152,                0.99418,                 0.9395,                0.36543,                0.23518,                0.81232,              0.0042184,              0.0042184,              0.0042184
                    148,                0.47388,                0.30487,                0.86292,                0.98838,                0.99387,                0.99436,                0.93623,                0.36281,                 0.2332,                0.81089,              0.0041788,              0.0041788,              0.0041788
                    149,                0.45671,                0.30007,                0.86194,                0.98827,                 0.9926,                0.99413,                0.93572,                0.35994,                0.23321,                0.81197,              0.0041392,              0.0041392,              0.0041392
                    150,                0.46615,                0.30202,                0.86134,                0.99106,                0.99246,                0.99413,                0.93652,                0.36763,                 0.2364,                0.81304,              0.0040996,              0.0040996,              0.0040996
                    151,                0.46857,                0.30393,                0.85857,                0.99245,                0.99143,                0.99435,                0.93897,                0.35901,                0.23095,                0.81167,                0.00406,                0.00406,                0.00406
                    152,                0.46305,                0.29923,                0.85964,                0.98967,                0.99352,                0.99434,                0.94008,                 0.3579,                0.22797,                0.81128,              0.0040204,              0.0040204,              0.0040204
                    153,                0.47386,                0.29959,                0.86395,                0.99013,                0.99257,                0.99435,                0.93905,                 0.3614,                0.22625,                0.81052,              0.0039808,              0.0039808,              0.0039808
                    154,                0.46787,                0.29831,                 0.8594,                0.99013,                0.99308,                 0.9944,                0.93879,                0.36353,                0.22874,                0.81079,              0.0039412,              0.0039412,              0.0039412
                    155,                0.46213,                0.29602,                0.85761,                0.99246,                0.99293,                0.99437,                0.94256,                0.35735,                0.22618,                0.80937,              0.0039016,              0.0039016,              0.0039016
                    156,                0.46676,                0.29926,                  0.863,                 0.9934,                0.98822,                0.99428,                0.94031,                0.35427,                0.22327,                0.80997,               0.003862,               0.003862,               0.003862
                    157,                0.46714,                 0.3004,                0.86257,                0.99298,                0.99199,                0.99461,                0.94213,                0.35436,                0.22113,                0.80942,              0.0038224,              0.0038224,              0.0038224
                    158,                0.45483,                0.29229,                0.85943,                0.99432,                0.99082,                0.99473,                0.94164,                0.35275,                0.22514,                0.80797,              0.0037828,              0.0037828,              0.0037828
                    159,                0.46722,                0.29796,                0.86201,                0.99558,                0.98775,                0.99471,                0.94285,                0.34958,                0.22623,                0.80666,              0.0037432,              0.0037432,              0.0037432
                    160,                0.46173,                0.30193,                0.86026,                0.99481,                0.99369,                0.99462,                0.94057,                0.35592,                0.22696,                0.80814,              0.0037036,              0.0037036,              0.0037036
                    161,                0.46645,                0.29427,                0.86254,                0.98873,                0.99262,                0.99454,                0.94223,                0.35159,                0.22279,                0.80828,               0.003664,               0.003664,               0.003664
                    162,                0.46408,                 0.2938,                0.86546,                0.99161,                0.99434,                0.99456,                 0.9416,                0.35157,                0.22301,                0.80836,              0.0036244,              0.0036244,              0.0036244
                    163,                0.45396,                0.29119,                0.86213,                 0.9911,                 0.9966,                0.99453,                0.94531,                0.34929,                0.22256,                0.80728,              0.0035848,              0.0035848,              0.0035848
                    164,                0.46492,                 0.2971,                0.85562,                0.99196,                0.99576,                0.99467,                0.94302,                0.35034,                 0.2232,                0.80751,              0.0035452,              0.0035452,              0.0035452
                    165,                0.45967,                0.29536,                0.86075,                 0.9901,                0.98942,                0.99458,                 0.9404,                0.35618,                 0.2273,                0.80923,              0.0035056,              0.0035056,              0.0035056
                    166,                 0.4568,                0.29174,                0.85943,                0.99547,                 0.9901,                0.99466,                0.94505,                0.34939,                0.21997,                0.80644,               0.003466,               0.003466,               0.003466
                    167,                0.45505,                0.29178,                 0.8609,                0.99255,                0.99152,                0.99451,                0.94598,                0.34649,                0.21829,                0.80601,              0.0034264,              0.0034264,              0.0034264
                    168,                0.43662,                0.28363,                0.85777,                0.99386,                0.99187,                0.99465,                0.94801,                0.34428,                0.21842,                0.80506,              0.0033868,              0.0033868,              0.0033868
                    169,                0.45609,                0.29083,                0.86075,                0.99323,                0.99152,                0.99443,                0.94841,                0.34153,                0.21873,                0.80463,              0.0033472,              0.0033472,              0.0033472
                    170,                0.44879,                0.29026,                0.85633,                0.99342,                0.99558,                0.99467,                0.94714,                0.34153,                0.21843,                 0.8048,              0.0033076,              0.0033076,              0.0033076
                    171,                0.44698,                0.28629,                0.85454,                0.99246,                0.99302,                0.99466,                0.94452,                0.34893,                0.21906,                0.80791,               0.003268,               0.003268,               0.003268
                    172,                0.44667,                0.28807,                0.85843,                 0.9955,                0.99293,                0.99467,                0.94377,                0.35136,                0.21774,                0.80862,              0.0032284,              0.0032284,              0.0032284
                    173,                0.44617,                0.28912,                0.85419,                0.99373,                0.99246,                0.99464,                0.94359,                 0.3505,                0.21837,                0.80757,              0.0031888,              0.0031888,              0.0031888
                    174,                0.44888,                0.28547,                0.85648,                0.99626,                0.99057,                0.99474,                 0.9472,                0.34517,                0.21821,                0.80502,              0.0031492,              0.0031492,              0.0031492
                    175,                0.45022,                0.28796,                0.85378,                0.99155,                0.99572,                0.99469,                0.94885,                0.33758,                0.21375,                0.80309,              0.0031096,              0.0031096,              0.0031096
                    176,                 0.4393,                0.28454,                 0.8567,                0.99575,                0.99334,                0.99469,                0.94872,                0.33648,                0.21372,                0.80358,                0.00307,                0.00307,                0.00307
                    177,                0.43977,                0.28324,                0.85401,                0.99452,                0.99199,                0.99472,                0.94887,                0.33589,                0.21262,                0.80328,              0.0030304,              0.0030304,              0.0030304
                    178,                0.44586,                0.28519,                0.85345,                0.99385,                 0.9908,                0.99472,                0.94523,                0.34454,                0.21625,                0.80477,              0.0029908,              0.0029908,              0.0029908
                    179,                0.43585,                0.27715,                0.84873,                0.99174,                0.99293,                0.99469,                0.94435,                0.34445,                0.21839,                0.80388,              0.0029512,              0.0029512,              0.0029512
                    180,                0.44269,                0.27847,                0.85713,                 0.9962,                0.99293,                0.99473,                0.94758,                0.33774,                0.21227,                0.80347,              0.0029116,              0.0029116,              0.0029116
                    181,                0.44352,                0.28115,                0.85172,                0.99434,                 0.9926,                0.99475,                0.94538,                0.34713,                0.21363,                0.80553,               0.002872,               0.002872,               0.002872
                    182,                0.44506,                0.28249,                0.85313,                0.99595,                0.99434,                0.99471,                0.94997,                 0.3348,                0.21234,                0.80147,              0.0028324,              0.0028324,              0.0028324
                    183,                 0.4461,                0.28179,                0.85288,                0.99576,                0.99434,                0.99466,                0.94747,                0.33852,                0.21107,                0.80309,              0.0027928,              0.0027928,              0.0027928
                    184,                0.44833,                0.28418,                0.85604,                0.99531,                0.99199,                0.99467,                0.94799,                0.33423,                0.21225,                0.80064,              0.0027532,              0.0027532,              0.0027532
                    185,                0.43612,                0.27646,                0.85536,                0.99689,                0.99057,                0.99469,                0.95105,                0.33039,                 0.2097,                0.80061,              0.0027136,              0.0027136,              0.0027136
                    186,                0.44131,                 0.2829,                0.85173,                0.99574,                0.99233,                0.99468,                 0.9493,                0.33155,                0.21127,                0.79983,               0.002674,               0.002674,               0.002674
                    187,                0.43905,                 0.2786,                0.85077,                0.99351,                 0.9934,                 0.9947,                0.94769,                0.33106,                0.20742,                0.79988,              0.0026344,              0.0026344,              0.0026344
                    188,                0.43972,                0.27823,                0.85374,                 0.9968,                0.99293,                0.99469,                0.94906,                0.33314,                0.20857,                0.80033,              0.0025948,              0.0025948,              0.0025948
                    189,                0.43698,                0.27988,                0.85312,                0.99574,                0.99252,                0.99467,                0.94936,                0.33417,                0.20699,                0.80058,              0.0025552,              0.0025552,              0.0025552
                    190,                0.43362,                0.27549,                0.85166,                0.99331,                0.99434,                0.99471,                0.95026,                0.33283,                0.20748,                0.80162,              0.0025156,              0.0025156,              0.0025156
                    191,                0.43692,                0.27675,                0.85159,                0.99616,                 0.9934,                0.99473,                0.95271,                0.32801,                0.20822,                 0.8003,               0.002476,               0.002476,               0.002476
                    192,                0.42109,                0.26951,                0.84838,                0.99539,                0.99387,                0.99472,                0.95096,                0.32707,                0.20547,                 0.8003,              0.0024364,              0.0024364,              0.0024364
                    193,                0.43238,                0.27531,                0.85174,                0.99611,                0.99434,                0.99476,                0.95142,                0.32965,                0.20457,                0.80035,              0.0023968,              0.0023968,              0.0023968
                    194,                0.43143,                0.27223,                0.84925,                0.99623,                0.99514,                0.99472,                0.95341,                0.32919,                0.20337,                0.80013,              0.0023572,              0.0023572,              0.0023572
                    195,                0.44279,                0.27716,                 0.8536,                0.99628,                0.99293,                0.99466,                0.95381,                0.32253,                 0.2046,                0.79891,              0.0023176,              0.0023176,              0.0023176
                    196,                0.43395,                0.27354,                0.85132,                0.99669,                0.99239,                0.99471,                0.95111,                0.32388,                0.20385,                 0.7996,               0.002278,               0.002278,               0.002278
                    197,                0.42664,                 0.2737,                0.84804,                0.99575,                0.99333,                0.99474,                0.95467,                0.32198,                0.20292,                0.79871,              0.0022384,              0.0022384,              0.0022384
                    198,                0.42262,                0.26722,                0.84877,                0.99468,                0.99482,                0.99476,                0.95375,                 0.3248,                0.20196,                0.79907,              0.0021988,              0.0021988,              0.0021988
                    199,                0.42439,                0.27005,                0.84748,                0.99498,                0.99529,                0.99473,                0.95105,                0.32442,                0.20324,                 0.7988,              0.0021592,              0.0021592,              0.0021592
                    200,                0.42835,                0.27064,                0.84742,                0.99482,                0.99566,                0.99476,                0.95463,                0.32197,                0.20325,                0.79749,              0.0021196,              0.0021196,              0.0021196
                    201,                0.43229,                0.27318,                0.84955,                 0.9954,                0.99529,                0.99482,                0.95577,                0.31651,                0.20052,                0.79666,                0.00208,                0.00208,                0.00208
                    202,                0.43406,                0.27005,                0.84648,                0.99683,                0.99529,                0.99482,                0.95698,                0.31521,                0.20171,                0.79627,              0.0020404,              0.0020404,              0.0020404
                    203,                0.42543,                0.27087,                0.84954,                0.99763,                0.99188,                0.99478,                0.95444,                0.31753,                0.20125,                0.79649,              0.0020008,              0.0020008,              0.0020008
                    204,                0.42387,                0.26681,                0.84894,                0.99576,                0.99577,                0.99473,                0.95375,                0.31577,                0.19872,                 0.7961,              0.0019612,              0.0019612,              0.0019612
                    205,                0.41937,                0.26398,                0.84484,                0.99764,                 0.9966,                 0.9947,                 0.9519,                0.31611,                0.19915,                0.79618,              0.0019216,              0.0019216,              0.0019216
                    206,                0.41823,                0.26497,                0.84747,                0.99638,                0.99529,                0.99469,                0.95624,                0.31513,                0.19923,                 0.7955,               0.001882,               0.001882,               0.001882
                    207,                0.41649,                 0.2632,                0.84512,                0.99665,                0.99623,                0.99471,                0.95661,                0.31447,                0.19781,                0.79632,              0.0018424,              0.0018424,              0.0018424
                    208,                0.42239,                0.26575,                0.85026,                0.99697,                0.99387,                0.99472,                0.95522,                0.31485,                0.19732,                 0.7964,              0.0018028,              0.0018028,              0.0018028
                    209,                0.41942,                0.26269,                0.84607,                0.99576,                0.99508,                0.99471,                0.95335,                0.31335,                0.19844,                0.79573,              0.0017632,              0.0017632,              0.0017632
                    210,                0.41745,                 0.2651,                0.84683,                0.99717,                0.99653,                0.99475,                0.95539,                0.31333,                0.19774,                0.79554,              0.0017236,              0.0017236,              0.0017236
                    211,                0.42051,                0.26389,                0.85103,                0.99648,                0.99529,                0.99477,                0.95658,                0.31231,                0.19722,                0.79522,               0.001684,               0.001684,               0.001684
                    212,                0.41359,                0.25915,                0.84391,                0.99717,                0.99654,                0.99485,                0.95936,                0.30702,                0.19342,                 0.7939,              0.0016444,              0.0016444,              0.0016444
                    213,                0.41979,                0.26311,                0.84551,                0.99762,                0.99387,                0.99496,                0.95988,                0.30872,                0.19618,                0.79424,              0.0016048,              0.0016048,              0.0016048
                    214,                0.41836,                0.26049,                0.84755,                0.99679,                0.99246,                0.99497,                0.95832,                0.30776,                0.19585,                0.79374,              0.0015652,              0.0015652,              0.0015652
                    215,                0.41103,                0.25801,                0.84476,                0.99716,                0.99412,                0.99482,                0.95746,                0.30817,                0.19498,                0.79298,              0.0015256,              0.0015256,              0.0015256
                    216,                0.41281,                0.25947,                0.84567,                0.99717,                0.99477,                0.99483,                0.95916,                0.30484,                0.19239,                 0.7923,               0.001486,               0.001486,               0.001486
                    217,                0.41686,                0.26159,                0.84834,                0.99732,                0.99576,                0.99482,                0.95915,                0.30431,                0.19405,                0.79232,              0.0014464,              0.0014464,              0.0014464
                    218,                0.41112,                0.25678,                0.84314,                0.99717,                0.99652,                 0.9947,                0.95875,                0.30689,                0.19498,                0.79335,              0.0014068,              0.0014068,              0.0014068
                    219,                0.41444,                0.26115,                 0.8441,                0.99728,                0.99482,                0.99477,                0.95872,                0.30478,                0.19403,                0.79273,              0.0013672,              0.0013672,              0.0013672
                    220,                0.41482,                0.25732,                0.84642,                0.99669,                0.99442,                0.99487,                0.96075,                0.30212,                0.19233,                0.79224,              0.0013276,              0.0013276,              0.0013276
                    221,                0.40765,                0.25584,                0.84527,                0.99703,                 0.9967,                0.99491,                0.96086,                0.30347,                0.19154,                0.79232,               0.001288,               0.001288,               0.001288
                    222,                 0.4203,                0.26542,                0.84459,                 0.9967,                0.99543,                0.99497,                0.96057,                0.30445,                0.19282,                0.79269,              0.0012484,              0.0012484,              0.0012484
                    223,                0.40631,                0.25435,                0.84243,                0.99717,                0.99703,                0.99496,                0.96006,                0.30535,                0.19219,                0.79284,              0.0012088,              0.0012088,              0.0012088
                    224,                 0.4156,                0.25786,                0.84613,                0.99717,                0.99675,                0.99487,                 0.9599,                0.30184,                0.19149,                0.79138,              0.0011692,              0.0011692,              0.0011692
                    225,                0.41587,                0.25977,                0.84191,                0.99607,                0.99576,                0.99487,                0.96035,                0.30179,                0.19072,                0.79099,              0.0011296,              0.0011296,              0.0011296
                    226,                0.40891,                0.25507,                0.84277,                0.99623,                0.99656,                0.99489,                0.96097,                0.29871,                0.18956,                0.79046,                0.00109,                0.00109,                0.00109
                    227,                0.40297,                 0.2524,                 0.8431,                0.99795,                0.99623,                0.99491,                0.96109,                0.29733,                0.18855,                0.79077,              0.0010504,              0.0010504,              0.0010504
                    228,                0.39961,                0.25181,                0.84238,                0.99858,                0.99696,                0.99486,                0.96205,                0.29523,                 0.1863,                0.79051,              0.0010108,              0.0010108,              0.0010108
                    229,                0.40692,                0.25657,                0.84861,                0.99529,                0.99568,                0.99485,                0.96239,                0.29582,                0.18767,                0.79088,              0.0009712,              0.0009712,              0.0009712
                    230,                0.40306,                0.25256,                0.84066,                0.99702,                0.99576,                0.99486,                 0.9618,                0.29595,                 0.1883,                0.79039,              0.0009316,              0.0009316,              0.0009316
                    231,                0.40685,                0.25379,                0.84216,                 0.9967,                0.99742,                0.99487,                0.96035,                0.29509,                0.18804,                0.79026,               0.000892,               0.000892,               0.000892
                    232,                0.40288,                0.25327,                0.83942,                0.99717,                0.99646,                0.99486,                0.96063,                0.29614,                 0.1882,                0.79006,              0.0008524,              0.0008524,              0.0008524
                    233,                0.40399,                0.25065,                0.83947,                0.99764,                 0.9961,                 0.9949,                0.96069,                 0.2938,                0.18802,                0.79016,              0.0008128,              0.0008128,              0.0008128
                    234,                0.41236,                0.25481,                0.84184,                0.99858,                0.99555,                0.99495,                0.96309,                0.29274,                0.18696,                0.78994,              0.0007732,              0.0007732,              0.0007732
                    235,                0.40328,                0.25247,                0.84042,                0.99858,                0.99617,                  0.995,                0.96286,                0.29211,                0.18662,                0.78936,              0.0007336,              0.0007336,              0.0007336
                    236,                0.39022,                 0.2478,                0.84295,                0.99811,                0.99614,                0.99497,                0.96374,                0.29195,                0.18497,                0.78949,               0.000694,               0.000694,               0.000694
                    237,                0.39669,                0.25113,                0.84102,                0.99717,                0.99698,                0.99499,                0.96321,                 0.2904,                0.18474,                0.78938,              0.0006544,              0.0006544,              0.0006544
                    238,                0.39951,                0.24966,                0.83965,                0.99836,                0.99623,                  0.995,                0.96215,                0.28939,                0.18483,                0.78913,              0.0006148,              0.0006148,              0.0006148
                    239,                0.39784,                0.24837,                 0.8411,                0.99778,                0.99576,                  0.995,                0.96267,                 0.2887,                0.18434,                0.78888,              0.0005752,              0.0005752,              0.0005752
                    240,                0.38095,                0.24084,                0.82203,                0.99391,                0.99576,                0.99498,                0.95771,                0.30006,                0.19214,                0.79148,              0.0005356,              0.0005356,              0.0005356
                    241,                0.37017,                0.22753,                0.82171,                0.99595,                0.99387,                0.99496,                0.95492,                0.30451,                0.19708,                0.79254,               0.000496,               0.000496,               0.000496
                    242,                0.35699,                0.22222,                0.81474,                0.99717,                 0.9964,                0.99497,                0.95709,                0.30452,                0.19451,                0.79215,              0.0004564,              0.0004564,              0.0004564
                    243,                0.36028,                0.21964,                0.81727,                0.99764,                0.99713,                0.99499,                0.95828,                0.30138,                0.19098,                0.79193,              0.0004168,              0.0004168,              0.0004168
                    244,                0.35969,                0.22137,                0.81119,                0.99623,                0.99694,                0.99498,                0.95797,                0.29993,                0.18931,                0.79144,              0.0003772,              0.0003772,              0.0003772
                    245,                0.36297,                0.22104,                0.81347,                0.99591,                 0.9967,                0.99499,                0.95861,                0.29897,                0.18914,                0.79109,              0.0003376,              0.0003376,              0.0003376
                    246,                0.35712,                0.22288,                0.81089,                0.99764,                0.99572,                0.99499,                0.95967,                 0.2975,                0.18888,                0.79072,               0.000298,               0.000298,               0.000298
                    247,                0.34543,                 0.2146,                0.80925,                0.99663,                0.99576,                0.99499,                0.96065,                0.29556,                0.18659,                   0.79,              0.0002584,              0.0002584,              0.0002584
                    248,                0.35115,                0.21662,                0.81152,                0.99576,                0.99666,                0.99498,                0.96032,                0.29455,                0.18654,                0.78976,              0.0002188,              0.0002188,              0.0002188
                    249,                 0.3582,                 0.2184,                0.81372,                0.99576,                0.99709,                0.99498,                0.95984,                0.29302,                0.18512,                0.78957,              0.0001792,              0.0001792,              0.0001792
